<?xml version="1.0" encoding="UTF-8"?>
<project-private xmlns="http://www.netbeans.org/ns/project-private/1">
    <editor-bookmarks xmlns="http://www.netbeans.org/ns/editor-bookmarks/2" lastBookmarkId="0"/>
    <open-files xmlns="http://www.netbeans.org/ns/projectui-open-files/2">
        <group>
            <file>file:/C:/Users/MichI/Documents/NetBeansProjects/Students/src/students/login.java</file>
            <file>file:/C:/Users/MichI/Documents/NetBeansProjects/Students/src/students/Carga.java</file>
            <file>file:/C:/Users/MichI/Documents/NetBeansProjects/Students/src/students/Menu_Rating.java</file>
            <file>file:/C:/Users/MichI/Documents/NetBeansProjects/Students/src/students/Menu_Eval.java</file>
            <file>file:/C:/Users/MichI/Documents/NetBeansProjects/Students/src/students/Menu.java</file>
        </group>
    </open-files>
</project-private>
